{
    "__comment": "Model generated using MrCrayfish's Model Creator (https://mrcrayfish.com/tools?id=mc)",
"ambientocclusion": false,
    "textures": {
        "bed_head_top": "minecraft:blocks/bed_head_top",
        "bed_head_side": "minecraft:blocks/bed_head_side",
        "bed_feet_top": "minecraft:blocks/bed_feet_top",
        "bed_head_side_left": "minecraft:blocks/bed_head_side_left",
        "planks_oak": "minecraft:blocks/planks_oak",
        "bed_head_end": "minecraft:blocks/bed_head_end"
    },
    "display": {
        "gui": {
            "rotation": [ 30, 45, 0 ],
            "translation": [ 0, 0, 0 ],
            "scale": [ 0.625, 0.625, 0.625 ]
        },
        "ground": {
            "rotation": [ 0, 0, 0 ],
            "translation": [ 0, 3, 0 ],
            "scale": [ 0.25, 0.25, 0.25 ]
        },
        "fixed": {
            "rotation": [ 0, 180, 0 ],
            "translation": [ 0, 0, 0 ],
            "scale": [ 1, 1, 1 ]
        },
        "head": {
            "rotation": [ 0, 180, 0 ],
            "translation": [ 0, 0, 0 ],
            "scale": [ 1, 1, 1 ]
        },
        "firstperson_righthand": {
            "rotation": [ 0, 315, 0 ],
            "translation": [ 0, 2.5, 0 ],
            "scale": [ 0.4, 0.4, 0.4 ]
        },
        "thirdperson_righthand": {
            "rotation": [ 75, 315, 0 ],
            "translation": [ 0, 2.5, 0 ],
            "scale": [ 0.375, 0.375, 0.375 ]
        }
    },
    "elements": [
        {
            "name": "leg_right",
            "from": [ 0, 0, 14 ], 
            "to": [ 2, 14, 16 ], 
            "faces": {
                "north": { "texture": "#planks_oak", "uv": [ 0, 0, 2, 14 ] },
                "east": { "texture": "#planks_oak", "uv": [ 0, 0, 2, 14 ] },
                "south": { "texture": "#planks_oak", "uv": [ 0, 0, 7, 14 ] },
                "west": { "texture": "#planks_oak", "uv": [ 0, 0, 4, 14 ] },
                "up": { "texture": "#planks_oak", "uv": [ 0, 0, 3, 2 ] },
                "down": { "texture": "#planks_oak", "uv": [ 0, 0, 9, 1 ] }
            }
        },
        {
            "name": "leg_left",
            "from": [ 14, 0, 14 ], 
            "to": [ 16, 14, 16 ], 
            "faces": {
                "north": { "texture": "#planks_oak", "uv": [ 0, 0, 2, 14 ] },
                "east": { "texture": "#planks_oak", "uv": [ 0, 0, 3, 14 ] },
                "south": { "texture": "#planks_oak", "uv": [ 0, 0, 3, 14 ] },
                "west": { "texture": "#planks_oak", "uv": [ 0, 0, 2, 14 ] },
                "up": { "texture": "#planks_oak", "uv": [ 0, 0, 2, 2 ] },
                "down": { "texture": "#planks_oak", "uv": [ 0, 0, 2, 2 ] }
            }
        },
        {
            "name": "bar_upper",
            "from": [ 2, 9, 14 ], 
            "to": [ 14, 13, 15 ], 
            "faces": {
                "north": { "texture": "#planks_oak", "uv": [ 0, 1, 12, 5 ] },
                "south": { "texture": "#planks_oak", "uv": [ 0, 1, 12, 5 ] },
                "up": { "texture": "#planks_oak", "uv": [ 0, 0, 12, 1 ] },
                "down": { "texture": "#planks_oak", "uv": [ 0, 5, 13, 6 ] }
            }
        },
        {
            "name": "bar_lower",
            "from": [ 2, 4, 14 ], 
            "to": [ 14, 8, 15 ], 
            "faces": {
                "north": { "texture": "#planks_oak", "uv": [ 0, 2, 12, 6 ] },
                "south": { "texture": "#planks_oak", "uv": [ 0, 2, 13, 6 ] },
                "up": { "texture": "#planks_oak", "uv": [ 0, 0, 13, 1 ] },
                "down": { "texture": "#planks_oak", "uv": [ 0, 4, 13, 5 ] }
            }
        },
        {
            "name": "bottom",
            "from": [ 0, 4, 0 ], 
            "to": [ 16, 5, 14 ], 
            "faces": {
                "north": { "texture": "#planks_oak", "uv": [ 0, 0, 16, 1 ] },
                "east": { "texture": "#planks_oak", "uv": [ 0, 0, 16, 1 ] },
                "south": { "texture": "#planks_oak", "uv": [ 0, 0, 16, 1 ] },
                "west": { "texture": "#planks_oak", "uv": [ 0, 0, 16, 1 ] },
                "down": { "texture": "#planks_oak", "uv": [ 0, 0, 16, 14 ] }
            }
        },
        {
            "name": "main",
            "from": [ 0, 5, 0 ], 
            "to": [ 16, 9, 14 ], 
            "faces": {
                "north": { "texture": "#bed_feet_top", "uv": [ 0, 0, 16, 4 ] },
                "east": { "texture": "#bed_head_side_left", "uv": [ 0, 5, 16, 9 ], "rotation": 180 },
                "south": { "texture": "#bed_head_end", "uv": [ 0, 7, 16, 11 ] },
                "west": { "texture": "#bed_head_side", "uv": [ 0, 7, 16, 11 ] },
                "up": { "texture": "#bed_head_top", "uv": [ 0, 0, 16, 16 ], "rotation": 90 }
            }
        }
    ]
}