{
    "__comment": "Model generated using MrCrayfish's Model Creator (https://mrcrayfish.com/tools?id=mc)",
"ambientocclusion": false,
    "textures": {
        "bed_feet_top": "minecraft:blocks/bed_feet_top",
        "planks_oak": "minecraft:blocks/planks_oak"
    },
    "display": {
        "gui": {
            "rotation": [ 30, 45, 0 ],
            "translation": [ 0, 0, 0 ],
            "scale": [ 0.625, 0.625, 0.625 ]
        },
        "ground": {
            "rotation": [ 0, 0, 0 ],
            "translation": [ 0, 3, 0 ],
            "scale": [ 0.25, 0.25, 0.25 ]
        },
        "fixed": {
            "rotation": [ 0, 180, 0 ],
            "translation": [ 0, 0, 0 ],
            "scale": [ 1, 1, 1 ]
        },
        "head": {
            "rotation": [ 0, 180, 0 ],
            "translation": [ 0, 0, 0 ],
            "scale": [ 1, 1, 1 ]
        },
        "firstperson_righthand": {
            "rotation": [ 0, 315, 0 ],
            "translation": [ 0, 2.5, 0 ],
            "scale": [ 0.4, 0.4, 0.4 ]
        },
        "thirdperson_righthand": {
            "rotation": [ 75, 315, 0 ],
            "translation": [ 0, 2.5, 0 ],
            "scale": [ 0.375, 0.375, 0.375 ]
        }
    },
    "elements": [
        {
            "name": "leg_right",
            "from": [ 0, 0, 0 ], 
            "to": [ 2, 12, 2 ], 
            "faces": {
                "north": { "texture": "#planks_oak", "uv": [ 0, 0, 2, 12 ] },
                "east": { "texture": "#planks_oak", "uv": [ 0, 0, 2, 12 ] },
                "south": { "texture": "#planks_oak", "uv": [ 0, 0, 2, 12 ] },
                "west": { "texture": "#planks_oak", "uv": [ 0, 0, 2, 12 ] },
                "up": { "texture": "#planks_oak", "uv": [ 0, 0, 2, 2 ] },
                "down": { "texture": "#planks_oak", "uv": [ 0, 0, 2, 2 ] }
            }
        },
        {
            "name": "leg_left",
            "from": [ 14, 0, 0 ], 
            "to": [ 16, 12, 2 ], 
            "faces": {
                "north": { "texture": "#planks_oak", "uv": [ 0, 0, 2, 12 ] },
                "east": { "texture": "#planks_oak", "uv": [ 0, 0, 2, 12 ] },
                "south": { "texture": "#planks_oak", "uv": [ 0, 0, 4, 14 ] },
                "west": { "texture": "#planks_oak", "uv": [ 0, 0, 3, 14 ] },
                "up": { "texture": "#planks_oak", "uv": [ 0, 0, 3, 2 ] },
                "down": { "texture": "#planks_oak", "uv": [ 0, 0, 2, 2 ] }
            }
        },
        {
            "name": "bottom",
            "from": [ 0, 4, 2 ], 
            "to": [ 16, 5, 16 ], 
            "faces": {
                "north": { "texture": "#planks_oak", "uv": [ 0, 0, 16, 1 ] },
                "east": { "texture": "#planks_oak", "uv": [ 0, 0, 14, 1 ] },
                "south": { "texture": "#planks_oak", "uv": [ 0, 0, 16, 1 ] },
                "west": { "texture": "#planks_oak", "uv": [ 0, 0, 14, 1 ] },
                "down": { "texture": "#planks_oak", "uv": [ 0, 0, 16, 14 ] }
            }
        },
        {
            "name": "main",
            "from": [ 0, 5, 2 ], 
            "to": [ 16, 9, 16 ], 
            "faces": {
                "north": { "texture": "#bed_feet_top", "uv": [ 0, 0, 16, 4 ] },
                "east": { "texture": "#bed_feet_top", "uv": [ 0, 0, 14, 4 ] },
                "south": { "texture": "#bed_feet_top", "uv": [ 0, 0, 16, 4 ] },
                "west": { "texture": "#bed_feet_top", "uv": [ 0, 0, 15, 4 ] },
                "up": { "texture": "#bed_feet_top", "uv": [ 0, 0, 16, 16 ], "rotation": 90 }
            }
        },
        {
            "name": "bar_lower",
            "from": [ 2, 4, 1 ], 
            "to": [ 14, 7, 2 ], 
            "faces": {
                "north": { "texture": "#planks_oak", "uv": [ 0, 0, 12, 3 ] },
                "south": { "texture": "#planks_oak", "uv": [ 0, 0, 12, 3 ] },
                "up": { "texture": "#planks_oak", "uv": [ 0, 0, 12, 1 ] },
                "down": { "texture": "#planks_oak", "uv": [ 0, 0, 13, 1 ] }
            }
        },
        {
            "name": "bar_upper",
            "from": [ 2, 8, 1 ], 
            "to": [ 14, 11, 2 ], 
            "faces": {
                "north": { "texture": "#planks_oak", "uv": [ 0, 0, 12, 3 ] },
                "south": { "texture": "#planks_oak", "uv": [ 0, 0, 12, 3 ] },
                "up": { "texture": "#planks_oak", "uv": [ 0, 0, 12, 1 ] },
                "down": { "texture": "#planks_oak", "uv": [ 0, 0, 12, 1 ] }
            }
        }
    ]
}