{
	"credit": "Made with Blockbench",
	"ambientocclusion": false,
	"textures": {
		"bed_head_top": "blocks/bed_head_top",
		"bed_head_side": "blocks/bed_head_side",
		"bed_feet_top": "blocks/bed_feet_top",
		"bed_head_side_left": "blocks/bed_head_side_left",
		"planks_oak": "blocks/planks_oak",
		"bed_head_end": "blocks/bed_head_end",
		"particle": "blocks/planks_oak"
	},
	"elements": [
		{
			"from": [0, 0, 14],
			"to": [2, 14, 16],
			"faces": {
				"north": {"uv": [0, 0, 2, 14], "texture": "#planks_oak"},
				"east": {"uv": [0, 0, 2, 14], "texture": "#planks_oak"},
				"south": {"uv": [0, 0, 2, 14], "texture": "#planks_oak"},
				"west": {"uv": [0, 0, 2, 14], "texture": "#planks_oak"},
				"up": {"uv": [0, 0, 2, 2], "texture": "#planks_oak"},
				"down": {"uv": [0, 0, 2, 2], "texture": "#planks_oak"}
			}
		},
		{
			"from": [14, 0, 14],
			"to": [16, 14, 16],
			"faces": {
				"north": {"uv": [0, 0, 2, 14], "texture": "#planks_oak"},
				"east": {"uv": [0, 0, 2, 14], "texture": "#planks_oak"},
				"south": {"uv": [0, 0, 2, 14], "texture": "#planks_oak"},
				"west": {"uv": [0, 0, 2, 14], "texture": "#planks_oak"},
				"up": {"uv": [0, 0, 2, 2], "texture": "#planks_oak"},
				"down": {"uv": [0, 0, 2, 2], "texture": "#planks_oak"}
			}
		},
		{
			"from": [2, 9, 14],
			"to": [14, 13, 15],
			"faces": {
				"north": {"uv": [0, 0, 12, 4], "texture": "#planks_oak"},
				"east": {"uv": [0, 0, 1, 4], "texture": "#planks_oak"},
				"south": {"uv": [0, 0, 12, 4], "texture": "#planks_oak"},
				"west": {"uv": [0, 0, 1, 4], "texture": "#planks_oak"},
				"up": {"uv": [0, 0, 12, 1], "texture": "#planks_oak"},
				"down": {"uv": [0, 0, 12, 1], "texture": "#planks_oak"}
			}
		},
		{
			"from": [2, 4, 14],
			"to": [14, 8, 15],
			"faces": {
				"north": {"uv": [0, 0, 12, 4], "texture": "#planks_oak"},
				"east": {"uv": [0, 0, 1, 4], "texture": "#planks_oak"},
				"south": {"uv": [0, 0, 12, 4], "texture": "#planks_oak"},
				"west": {"uv": [0, 0, 1, 4], "texture": "#planks_oak"},
				"up": {"uv": [0, 0, 12, 1], "texture": "#planks_oak"},
				"down": {"uv": [0, 0, 12, 1], "texture": "#planks_oak"}
			}
		},
		{
			"from": [0, 4, 0],
			"to": [16, 5, 14],
			"faces": {
				"north": {"uv": [0, 0, 16, 1], "texture": "#planks_oak"},
				"east": {"uv": [0, 0, 14, 1], "texture": "#planks_oak"},
				"south": {"uv": [0, 0, 16, 1], "texture": "#planks_oak"},
				"west": {"uv": [0, 0, 14, 1], "texture": "#planks_oak"},
				"up": {"uv": [0, 0, 16, 14], "texture": "#planks_oak"},
				"down": {"uv": [0, 0, 16, 14], "texture": "#planks_oak"}
			}
		},
		{
			"from": [0, 5, 0],
			"to": [16, 9, 14],
			"faces": {
				"north": {"uv": [0, 0, 16, 4], "texture": "#bed_feet_top"},
				"east": {"uv": [0, 5, 16, 9], "rotation": 180, "texture": "#bed_head_side_left"},
				"south": {"uv": [0, 7, 16, 11], "texture": "#bed_head_end"},
				"west": {"uv": [0, 7, 16, 11], "texture": "#bed_head_side"},
				"up": {"uv": [0, 0, 16, 16], "rotation": 90, "texture": "#bed_head_top"},
				"down": {"uv": [0, 0, 16, 16], "texture": "#bed_feet_top"}
			}
		}
	],
	"display": {
		"thirdperson_righthand": {
			"rotation": [75, 315, 0],
			"translation": [0, 2.5, 0],
			"scale": [0.375, 0.375, 0.375]
		},
		"firstperson_righthand": {
			"rotation": [0, 315, 0],
			"translation": [0, 2.5, 0],
			"scale": [0.4, 0.4, 0.4]
		},
		"ground": {
			"translation": [0, 3, 0],
			"scale": [0.25, 0.25, 0.25]
		},
		"gui": {
			"rotation": [30, 45, 0],
			"scale": [0.625, 0.625, 0.625]
		},
		"head": {
			"rotation": [0, 180, 0]
		},
		"fixed": {
			"rotation": [0, 180, 0]
		}
	}
}